Text,Stelle,Inahlt,Wortzahl,Sentiment Rechnung,Sentiment-Score,alternativer Sentiment-Score,Invektiven,Invektivit√§ts-Score
cicero.pro_c_rabirio_post,1.1,"si, quis, sum, iudex, qui, caius, rabirium, qui, fortuna, suus, fundo, praesertim, atque, optume, constituo, ops, potestas, regia, libido, committo, reprehendo, puto, ascribo, ad, iudicium, suus, non, modo, meus, sed, hic, etiam, ipse, qui, committo, sententia, neque, enim, quisquam, is, consilium, uehemens, quam, ipse, displiceo, quamquam, hic, plerusque, facio, ut, consilium, euenio, pondero, et, qui, bene, quis, procedo, multus, ille, prouideo, qui, secus, nihil, sentio, dico, si, ex-sisto, in, rex, fides, nihil, sapio, postumus, quia, fallo, rex, nihil, hic, amens, dico, ut, iam, nihil, sum, uideo, nisi, diuinaris, sapio, sed, tamen",91,"NaN, NaN, NaN, 0.5, NaN, NaN, NaN, NaN, 0.0, NaN, NaN, NaN, NaN, NaN, NaN, 0.0, 0.5, NaN, -0.5, NaN, NaN, NaN, NaN, NaN, 0.5, NaN, NaN, NaN, 0.0, NaN, NaN, NaN, NaN, NaN, NaN, 0.0, NaN, NaN, NaN, NaN, 0.5, NaN, NaN, NaN, NaN, NaN, NaN, NaN, NaN, NaN, 0.5, NaN, NaN, NaN, NaN, NaN, NaN, NaN, 0.0, NaN, NaN, NaN, NaN, NaN, NaN, NaN, NaN, NaN, NaN, 0.0, 1.0, NaN, NaN, NaN, NaN, NaN, 0.0, NaN, NaN, -1.0, NaN, NaN, NaN, NaN, NaN, NaN, NaN, NaN, NaN, NaN, NaN",0.022,-0.016,"libido, hic, hic, fallo, hic, amens",0.066
cicero.pro_c_rabirio_post,1.2,"si, quis, sum, iudex, qui, ille, postumus, siue, inanis, spes, siue, inconsultus, ratio, siue, ut, grauis, uerbum, uto, temeritas, uitupero, puto, ego, is, opinio, non, repugno, ille, tamen, deprecor, ut, cum, ab, ipse, fortuna, crudelis, uideo, hic, consilium, sum, multo, ne, quis, ad, is, ruina, qui, hic, opprimo, sum, addo, acerbitas, puto, satis, sum, homo, imprudens, labor, non, erigo, urgeo, uerus, iaceo, aut, praecipito, impello, certus, sum, inhumanus, praesertim, iudex, cum, sum, hic, gener, homo, prope, natura, do, ut, si, qui, in, familia, laus, aliqui, fors, floreo, hic, fere, qui, sum, is, stirps, qui, sermo, homo, atque, memoria, pater, uirtus, celebro, cupidus, persequor, si, quidem, non, modo, in, gloria, res, militaris, paulus, scipio, atque, magnus, filius, sed, etiam, in, deuotio, uita, et, in, ipse, genus, mors, imitor, sum, publicus, decium, filius, sum, igitur, similis, iudex, paruus, magnus",137,"NaN, NaN, NaN, 0.5, NaN, NaN, NaN, NaN, NaN, 0.5, NaN, -0.5, 0.0, NaN, NaN, -0.5, 0.0, NaN, -0.5, NaN, NaN, NaN, NaN, 0.0, NaN, NaN, NaN, NaN, NaN, NaN, NaN, NaN, NaN, 0.0, -1.0, NaN, NaN, 0.5, NaN, NaN, NaN, NaN, NaN, NaN, NaN, NaN, NaN, NaN, NaN, NaN, -0.5, NaN, 0.5, NaN, 0.0, -0.5, -0.5, NaN, NaN, NaN, 0.5, NaN, NaN, NaN, NaN, 0.5, NaN, 0.0, NaN, 0.5, NaN, NaN, NaN, NaN, 0.0, NaN, 0.0, NaN, NaN, NaN, NaN, NaN, 0.5, 1.0, NaN, 0.0, NaN, NaN, NaN, NaN, NaN, NaN, NaN, NaN, -0.5, 0.0, NaN, 1.0, 0.0, 1.0, NaN, -0.5, NaN, NaN, NaN, NaN, NaN, NaN, 0.0, 0.0, 0.0, NaN, NaN, NaN, 0.0, 0.0, NaN, NaN, NaN, NaN, 0.0, NaN, NaN, NaN, 0.0, -1.0, NaN, NaN, 0.0, NaN, 0.0, NaN, NaN, 0.0, 0.5, 0.0, 0.0",0.011,-0.044,"inconsultus, temeritas, crudelis, hic, hic, acerbitas, iaceo, inhumanus, hic, hic",0.073
cicero.pro_c_rabirio_post,2.3,"sum, enim, puer, nos, hic, pater, caius, curtus, princeps, ordo, equester, fortis, et, magnus, publicanus, qui, in, negotium, gero, magnitudo, animus, non, tam, homo, probo, nisi, in, idem, benignitas, incredibilis, sum, ut, in, augeo, res, non, auaritia, praeda, sed, instrumentum, bonitas, quaero, uideo",43,"NaN, NaN, 0.0, NaN, NaN, 0.0, NaN, NaN, 0.5, 0.5, NaN, 0.5, NaN, 0.0, NaN, NaN, NaN, -0.5, NaN, 0.0, 0.5, NaN, NaN, 0.0, NaN, NaN, NaN, NaN, 1.0, -0.5, NaN, NaN, NaN, NaN, 0.0, NaN, -1.0, NaN, NaN, NaN, 1.0, NaN, NaN",0.047,-0.047,"hic, auaritia",0.047
cicero.pro_c_rabirio_post,2.4,"hic, ille, nascor, quamquam, pater, suus, numquam, uideo, tamen, et, natura, ipse, dux, qui, multus, ualeo, et, assiduus, domesticus, sermo, in, paternus, disciplina, similitudo, deduco, sum, multus, gero, multus, contraho, magnus, pars, habeo, publicus, credo, populus, in, multus, prouincia, is, uerso, res, sum, do, sui, etiam, rex, hic, ipse, alexandrinus, grandis, iam, antea, pecunia, credo, neque, interea, locupletaris, amicus, umquam, suus, desisto, mitto, in, negotium, do, pars, augeo, res, fides, sustentaris, quis, multus, cum, magnitudo, animus, tum, liberalitas, uita, pater, et, consuetudo, exprimo, pello, interea, regnum, ptolomaeus, dolosus, consilium, ut, dico, sibylla, sentio, postumus, roma, uenio, qui, egeo, et, rogo, hic, infelix, pecunia, credo, neque, tum, primus, nam, regno, credo, absum, neque, temere, sui, credo, puto, qui, sum, nemo, dubius, quin, is, in, regnum, restituo, ab, senatus, populo, romanus",129,"NaN, NaN, NaN, NaN, 0.0, NaN, NaN, NaN, NaN, NaN, 0.0, NaN, 0.5, NaN, 0.0, NaN, NaN, 0.5, 0.0, -0.5, NaN, NaN, 0.0, 0.0, NaN, NaN, 0.0, NaN, 0.0, NaN, 0.0, 0.0, NaN, 0.0, NaN, 0.0, NaN, 0.0, 0.0, NaN, NaN, 0.0, NaN, NaN, NaN, NaN, 0.0, NaN, NaN, NaN, 0.0, NaN, NaN, 0.0, NaN, NaN, NaN, NaN, 1.0, NaN, NaN, NaN, NaN, NaN, -0.5, NaN, 0.0, NaN, 0.0, 1.0, NaN, NaN, 0.0, NaN, 0.0, 0.5, NaN, 1.0, 0.0, 0.0, NaN, NaN, NaN, NaN, NaN, 0.0, NaN, NaN, 0.5, NaN, NaN, NaN, NaN, NaN, NaN, NaN, NaN, NaN, NaN, NaN, NaN, -1.0, 0.0, NaN, NaN, NaN, 0.5, NaN, NaN, NaN, NaN, NaN, NaN, NaN, NaN, NaN, NaN, NaN, -0.5, -0.5, NaN, NaN, NaN, 0.0, NaN, NaN, 0.5, NaN, NaN",0.023,-0.023,"hic, hic, pecunia, hic, infelix, pecunia",0.047
cicero.pro_c_rabirio_post,2.5,"in, do, autem, et, credo, procedo, longus, neque, suus, solus, pecunia, credo, sed, etiam, amicus, stultus, quis, nego, aut, quis, iam, audeo, qui, malus, cado, bene, consulo, puto, sed, sum, difficilis, qui, cum, spes, magnus, sum, ingredior, is, non, exsequor, usque, ad, exter, supplex, sum, rex, multus, rogo, omnis, polliceo, ut, iam, metuo, postumus, cogo, ne, qui, credo, perdo, si, credo, constituo, modus, nihil, autem, sum, ille, blandus, nihil, hic, benignus, ut, magis, paeniteo, coepio, quam, licet, desisto",78,"NaN, NaN, NaN, NaN, NaN, NaN, 0.0, NaN, NaN, -0.5, 0.0, NaN, NaN, NaN, 1.0, -1.0, NaN, NaN, NaN, NaN, NaN, NaN, NaN, -1.0, NaN, NaN, NaN, NaN, NaN, NaN, -0.5, NaN, NaN, 0.5, 0.0, NaN, NaN, NaN, NaN, NaN, NaN, NaN, 0.0, 0.0, NaN, 0.0, 0.0, NaN, NaN, NaN, NaN, NaN, NaN, NaN, NaN, NaN, NaN, NaN, NaN, NaN, NaN, NaN, 0.5, NaN, NaN, NaN, NaN, 0.5, NaN, NaN, 1.0, NaN, NaN, NaN, NaN, NaN, NaN, NaN",0.006,-0.038,"pecunia, stultus, hic",0.038
cicero.pro_c_rabirio_post,3.6,"hinc, primus, exorior, crimen, ille, senatus, corrumpo, sum, dico, o, deus, immortalis, hic, sum, ille, exopto, iudicium, seueritas, corruptor, noster, causa, dico, nos, qui, corrumpo, sum, non, dico, quis, ergo, senatus, -ne, defendo, hic, locus, iudex, omnis, equidem, locus, debeo, ita, de, ego, sum, mereor, ille, ordo, sed, neque, is, ago, hic, tempus, neque, cum, postumus, causa, res, iste, coniungo, sum, quamquam, ad, sumo, iter, ad, ille, magnificentia, apparatus, comito, regius, suppedito, pecunia, ab, postumus, sum, facio, syngrapha, sum, in, albano, gnaeus, pompeius, cum, ille, roma, proficiscor, sum, tamen, non, debeo, is, qui, do, cur, ille, qui, accipio, tum, sumo, quaero, non, enim, latro, sed, rex, credo, neque, rex, inimicus, populus, romanus, sed, is, qui, redeo, consul, commendo, ab, senatus, uideo, neque, is, rex, qui, alienus, ab, hic, imperium, sum, sed, is, cum, qui, foedus, ferio, in, capitolium, uideo, qui, si, creditor, sum, in, culpa",145,"NaN, 0.5, NaN, -1.0, NaN, 0.5, NaN, NaN, NaN, NaN, 0.0, 0.5, NaN, NaN, NaN, NaN, 0.5, NaN, -1.0, NaN, 0.0, NaN, NaN, NaN, NaN, NaN, NaN, NaN, NaN, NaN, 0.5, NaN, NaN, NaN, 0.0, 0.5, NaN, NaN, 0.0, NaN, NaN, NaN, NaN, NaN, NaN, NaN, 0.5, NaN, NaN, NaN, NaN, NaN, 0.0, NaN, NaN, NaN, 0.0, 0.0, NaN, NaN, NaN, NaN, NaN, NaN, 0.0, NaN, NaN, NaN, 1.0, NaN, 0.0, NaN, 0.0, NaN, NaN, NaN, NaN, NaN, NaN, NaN, NaN, NaN, NaN, NaN, NaN, NaN, NaN, NaN, NaN, NaN, NaN, NaN, NaN, NaN, NaN, NaN, NaN, NaN, NaN, NaN, NaN, NaN, NaN, NaN, NaN, 0.0, NaN, NaN, 0.0, -1.0, 0.0, NaN, NaN, NaN, NaN, NaN, 0.5, NaN, NaN, 0.5, NaN, NaN, NaN, 0.0, NaN, -0.5, NaN, NaN, 0.0, NaN, NaN, NaN, NaN, NaN, -1.0, NaN, NaN, NaN, NaN, NaN, NaN, 0.0, NaN, NaN, -1.0",0.0,-0.038,"crimen, hic, seueritas, corruptor, hic, hic, pecunia, latro, hic, creditor, culpa",0.076
cicero.pro_c_rabirio_post,3.7,"non, is, qui, improbus, credo, pecunia, utor, sum, damno, is, qui, fabrico, gladius, sum, et, uendo, non, is, qui, ille, gladius, ciuis, aliquis, interimo, quam, ob, res, neque, tu, caius, memmi, hic, facio, debeo, ut, senatus, qui, auctoritas, tu, ab, adulescentia, dedo, in, tantus, infamia, uersaris, uelis, neque, ego, is, qui, non, ago, defendo, postumus, enim, causa, quicumque, sum, seiungo, ab, senatus, sum",63,"NaN, NaN, NaN, -1.0, NaN, 0.0, NaN, NaN, NaN, NaN, NaN, NaN, NaN, NaN, NaN, NaN, NaN, NaN, NaN, NaN, NaN, 0.5, NaN, NaN, NaN, NaN, 0.0, NaN, NaN, NaN, NaN, NaN, NaN, NaN, NaN, 0.5, NaN, NaN, NaN, NaN, NaN, NaN, NaN, NaN, -1.0, NaN, NaN, NaN, NaN, NaN, NaN, NaN, NaN, NaN, NaN, NaN, 0.0, NaN, NaN, NaN, NaN, 0.5, NaN",-0.008,-0.032,"improbus, pecunia, damno, uendo, tu, hic, tu, infamia",0.127
cicero.pro_c_rabirio_post,3.8,"qui, si, item, ab, gabinius, seiungo, ostendo, certus, qui, dico, nihil, habeo, sum, enim, hic, causa, quo, is, pecunia, peruenio, quasi, quidam, appendicula, causa, iudico, atque, damno, sum, lis, aestimo, aulus, gabinius, neque, prae-do, do, neque, ex, bonus, populus, uniuersus, lis, soluo, iubeo, lex, iulius, persequor, ab, is, ad, qui, is, pecunia, quam, is, capio, qui, damno, sum, peruenio, si, sum, hic, nouus, in, lex, iulius, sicut, multus, sum, seuerus, scribo, quam, in, antiquus, lex, et, sancio, induco, sanus, etiam, consuetudo, hic, genus, iudicium, nouo",85,"NaN, NaN, NaN, NaN, NaN, NaN, NaN, 0.5, NaN, NaN, NaN, NaN, NaN, NaN, NaN, 0.0, NaN, NaN, 0.0, NaN, NaN, NaN, NaN, 0.0, NaN, NaN, NaN, NaN, -0.5, NaN, NaN, NaN, NaN, NaN, NaN, NaN, NaN, 1.0, 0.0, 0.0, -0.5, NaN, NaN, 0.5, NaN, NaN, NaN, NaN, NaN, NaN, NaN, 0.0, NaN, NaN, NaN, NaN, NaN, NaN, NaN, NaN, NaN, NaN, 1.0, NaN, 0.5, NaN, NaN, 0.0, NaN, NaN, NaN, NaN, NaN, 0.0, 0.5, NaN, NaN, NaN, 1.0, NaN, NaN, NaN, 0.0, 0.5, NaN",0.053,-0.012,"hic, pecunia, damno, pecunia, damno, hic, hic",0.082
cicero.pro_c_rabirio_post,4.9,"sin, hic, totidem, uerbum, transfero, caput, sum, quot, sum, non, modo, in, cornelius, sed, etiam, ante, in, lex, seruilis, per, deus, immortal, quis, ago, iudex, aut, qui, hic, mos, nouum, iudicium, in, res, publicus, induco, sum, enim, hic, consuetudo, nosco, tu, quidem, omnis, sed, si, utor, magister, sum, bonus, ego, debeo, sum, nosco, accuso, de, pecunia, repeto, iudex, sedeo, praetor, quaero, defendo, multus, nullus, pars, qui, aliqui, facultas, disco, affero, possum, ab, ego, asum, ita, contendo, nemo, umquam, quo, is, pecunia, peruenio, causa, dico, qui, in, aestimo, lis, appello, non, sum, in, lis, autem, nemo, appello, nisi, ex, testis, dictum, aut, tabula, priuator, aut, ratio, ciuitas",106,"NaN, NaN, NaN, 0.0, NaN, 0.0, NaN, NaN, NaN, NaN, NaN, NaN, NaN, NaN, NaN, NaN, NaN, 0.5, -0.5, NaN, 0.0, NaN, NaN, NaN, 0.5, NaN, NaN, NaN, 0.5, NaN, 0.5, NaN, 0.0, 0.0, NaN, NaN, NaN, NaN, NaN, NaN, NaN, NaN, NaN, NaN, NaN, NaN, 0.5, NaN, 1.0, NaN, NaN, NaN, NaN, NaN, NaN, 0.0, NaN, 0.5, NaN, 0.5, NaN, NaN, 0.0, NaN, 0.0, NaN, NaN, 0.5, NaN, NaN, NaN, NaN, NaN, NaN, NaN, NaN, -0.5, NaN, NaN, NaN, 0.0, NaN, 0.0, NaN, NaN, NaN, NaN, -0.5, NaN, NaN, NaN, NaN, -0.5, NaN, -0.5, NaN, NaN, NaN, NaN, 0.0, NaN, NaN, NaN, NaN, 0.0, 0.5",0.028,-0.024,"hic, hic, hic, tu, pecunia, pecunia",0.057
cicero.pro_c_rabirio_post,4.1,"itaque, in, infero, lis, adsum, soleo, qui, aliquis, de, sui, uereor, et, cum, sum, appello, si, uideo, statim, contra, dico, soleo, sin, is, tempus, recens, inuidia, pertimeo, respondeo, postea, qui, cum, facio, permultus, saepe, uinco, hic, uerus, nouus, et, ante, hic, tempus, omnino, inaudio, in, lis, postumus, nomen, sum, nusquam, in, lis, dico, modo, tu, idem, in, aulus, gabinius, iudex, sedeo, num, quis, testis, postumus, appello, testis, autem, num, accusator, num, denique, totus, ille, in, iudicium, postumus, nomen, audio",79,"NaN, NaN, NaN, -0.5, NaN, NaN, NaN, NaN, NaN, NaN, NaN, NaN, NaN, NaN, NaN, NaN, NaN, NaN, NaN, NaN, NaN, NaN, NaN, 0.0, 0.0, -1.0, NaN, NaN, NaN, NaN, NaN, NaN, NaN, NaN, NaN, NaN, 0.5, 1.0, NaN, NaN, NaN, 0.0, NaN, NaN, NaN, -0.5, NaN, 0.0, NaN, NaN, NaN, -0.5, NaN, NaN, NaN, NaN, NaN, NaN, NaN, 0.5, NaN, NaN, NaN, NaN, NaN, NaN, NaN, NaN, NaN, 0.0, NaN, NaN, NaN, NaN, NaN, 0.5, NaN, 0.0, NaN",0.0,-0.032,"inuidia, hic, hic, tu",0.051
cicero.pro_c_rabirio_post,5.11,"non, igitur, reus, ex, is, causa, qui, iudico, sum, redundo, postumus, sed, sum, arrepo, unus, eques, romanus, de, pecunia, repeto, reus, qui, tabula, qui, in, iudicium, gabiniano, recito, non, sum, quo, testis, ab, quo, tum, appello, nusquam, sum, qui, aestimatio, lis, in, qui, postumus, mentior, facio, nullus, sum, qui, lex, qui, non, teneo, hic, iam, iudex, uester, consilium, res, sum, uester, sapientia, quis, decet, tu, non, quantus, licet, tu, specto, debeo, si, enim, quis, licet, quaero, possum, tollo, e, ciuitas, qui, uolo, tabella, sum, qui, do, potestas, occulto, idem, libido, qui, conscientia, nihil, sum, qui, quisquam, timeo, si, non, pertimesco, suus",101,"NaN, NaN, NaN, NaN, NaN, 0.0, NaN, NaN, NaN, NaN, NaN, NaN, NaN, NaN, NaN, 0.0, NaN, NaN, 0.0, NaN, NaN, NaN, NaN, NaN, NaN, 0.5, NaN, NaN, NaN, NaN, NaN, NaN, NaN, NaN, NaN, NaN, NaN, NaN, NaN, 0.0, -0.5, NaN, NaN, NaN, NaN, NaN, NaN, NaN, NaN, 0.5, NaN, NaN, NaN, NaN, NaN, 0.5, NaN, 0.5, 0.0, NaN, NaN, 1.0, NaN, NaN, NaN, NaN, NaN, NaN, NaN, NaN, NaN, NaN, NaN, NaN, NaN, NaN, NaN, NaN, NaN, 0.5, NaN, NaN, 0.0, NaN, NaN, NaN, 0.5, NaN, NaN, -0.5, NaN, 0.0, NaN, NaN, NaN, NaN, NaN, NaN, NaN, NaN, NaN",0.03,-0.01,"reus, pecunia, reus, hic, tu, tu, libido, conscientia",0.079
cicero.pro_c_rabirio_post,5.12,"ubi, sum, igitur, sapientia, iudex, in, hic, ut, non, solus, quis, possum, sed, etiam, quis, debeo, pondero, neque, quantus, sui, permitto, memini, solus, sed, etiam, quatenus, committo, sum, do, tu, tabella, iudicium, qui, lex, iulius, de, pecunia, repeto, quo, de, reor, de, eques, romanus, at, iste, ordo, lex, is, non, teneo, ille, inquam, caput, quo, is, pecunia, peruenio, nihil, audio, in, postumus, cum, in, gabinius, iudex, sum, nihil, gabinius, damno, cum, in, is, lis, aestimaris, at, nunc, audio, reus, igitur, postumus, sum, is, lex, qui, non, modo, ipse, sed, totus, etiam, ordo, soluo, atque, liber, sum",96,"NaN, NaN, NaN, 1.0, 0.5, NaN, NaN, NaN, NaN, -0.5, NaN, NaN, NaN, NaN, NaN, NaN, NaN, NaN, NaN, NaN, NaN, NaN, -0.5, NaN, NaN, NaN, NaN, NaN, NaN, NaN, 0.0, 0.5, NaN, 0.5, NaN, NaN, 0.0, NaN, NaN, NaN, NaN, NaN, 0.0, NaN, NaN, NaN, 0.5, 0.5, NaN, NaN, NaN, NaN, NaN, 0.0, NaN, NaN, 0.0, NaN, NaN, NaN, NaN, NaN, NaN, NaN, NaN, 0.5, NaN, NaN, NaN, NaN, NaN, NaN, NaN, -0.5, NaN, NaN, NaN, NaN, NaN, NaN, NaN, NaN, NaN, 0.5, NaN, NaN, NaN, NaN, NaN, NaN, NaN, 0.5, NaN, NaN, 0.5, NaN",0.042,-0.016,"hic, tu, pecunia, pecunia, damno, reus",0.062
cicero.pro_c_rabirio_post,6.13,"hic, ego, nunc, non, tu, prior, imploro, eques, romanus, qui, ius, iudicium, tento, quam, tu, senator, qui, ago, fides, in, hic, ordo, qui, quidem, cum, saepe, ante, tum, in, hic, ipse, causa, nuper, sum, cognosco, nam, cum, bonus, et, praesto, consul, gnaeus, pompeius, de, hic, ipse, quaestio, refero, existerent, non, nullus, sed, perpaucus, tamen, acerbus, sententia, qui, quidem, censeo, ut, tribunus, ut, praefectus, ut, scriba, ut, comes, omnis, magistratus, lex, hic, teneo, tu, tu, inquam, ipse, et, senatus, frequens, resto, et, quamquam, tum, propter, multus, delictum, etiam, ad, innocens, periculum, tempus, ille, ex-ardeo, tamen, cum, odium, noster, restinguo, hic, ordo, ignis, nouus, subicio, non, sino",105,"NaN, NaN, NaN, NaN, NaN, 0.5, NaN, 0.0, NaN, NaN, 0.5, 0.5, NaN, NaN, NaN, NaN, NaN, NaN, 1.0, NaN, NaN, 0.5, NaN, NaN, NaN, NaN, NaN, NaN, NaN, NaN, NaN, 0.0, NaN, NaN, NaN, NaN, NaN, 1.0, NaN, NaN, 0.5, NaN, NaN, NaN, NaN, NaN, NaN, NaN, NaN, NaN, NaN, NaN, NaN, NaN, -1.0, 0.0, NaN, NaN, NaN, NaN, -0.5, NaN, NaN, NaN, NaN, NaN, NaN, NaN, 0.5, 0.5, NaN, NaN, NaN, NaN, NaN, NaN, NaN, 0.5, NaN, NaN, NaN, NaN, NaN, NaN, 0.0, -1.0, NaN, NaN, 0.5, -1.0, 0.0, NaN, NaN, NaN, NaN, -1.0, NaN, NaN, NaN, 0.5, 0.0, 1.0, NaN, NaN, NaN",0.033,-0.043,"hic, tu, tu, hic, hic, hic, acerbus, hic, tu, tu, delictum, innocens, hic",0.124
cicero.pro_c_rabirio_post,6.14,"hic, animus, igitur, senatus, quis, tu, eques, romanus, quis, tandem, sum, ago, glaucion, soleo, homo, impurus, sed, tamen, acutus, populus, moneo, ut, cum, lex, aliqui, recito, primus, uerro, attendo, si, sum, dictator, consul, praetor, magister, eques, ne, laboro, scio, nihil, ad, sui, pertineo, sin, sum, quicumque, post, hic, lex, uideo, ne, qui, nouo, quaestio, ad-ligo",55,"NaN, 0.5, NaN, 0.5, NaN, NaN, 0.0, NaN, NaN, NaN, NaN, NaN, NaN, NaN, 0.0, -1.0, NaN, NaN, NaN, 0.0, NaN, NaN, NaN, 0.5, NaN, NaN, 0.5, NaN, NaN, NaN, NaN, NaN, 0.5, 0.5, 0.5, 0.0, NaN, NaN, NaN, NaN, NaN, NaN, NaN, NaN, NaN, NaN, NaN, NaN, 0.5, NaN, NaN, NaN, NaN, NaN, NaN",0.055,-0.018,"hic, tu, glaucion, impurus, hic",0.091
cicero.pro_c_rabirio_post,6.15,"nunc, tu, eques, romanus, uideo, scio, ego, orior, e, tu, omnis, semper, sentio, pro, tu, nihil, hic, sine, magnus, cura, et, summus, caritas, uester, ordo, loquor, alius, alius, homo, et, ordo, ego, tu, semper, complexus, sum, moneo, et, praedico, integer, res, causa, denuntio, omnis, homo, deus, testo, dum, possum, dum, licet, prouideo, ne, durus, tu, condicio, statuo, ordo, uester, quam, fero, possum, serpo, hic, malus, ego, credo, longus, quam, puto",70,"NaN, NaN, 0.0, NaN, NaN, NaN, NaN, NaN, NaN, NaN, NaN, NaN, NaN, NaN, NaN, NaN, NaN, NaN, 0.0, -1.0, NaN, NaN, 1.0, NaN, 0.5, NaN, NaN, NaN, 0.0, NaN, 0.5, NaN, NaN, NaN, 0.0, NaN, NaN, NaN, NaN, 0.5, 0.0, 0.0, NaN, NaN, 0.0, 0.0, NaN, NaN, NaN, NaN, NaN, NaN, NaN, -0.5, NaN, 0.0, NaN, 0.5, NaN, NaN, NaN, NaN, NaN, NaN, -1.0, NaN, NaN, 0.0, NaN, NaN",0.007,-0.036,"tu, tu, tu, hic, tu, tu, serpo, hic",0.114
cicero.pro_c_rabirio_post,7.16,"potens, et, nobilis, tribunus, plebs, marcus, druso, nouus, in, equester, ordo, quaestio, fero, si, quis, ob, res, iudicandam, pecuniam, capio, apertus, eques, romanus, resto, quis, hic, licet, uolo, paruus, neque, solus, hic, genus, pecunia, capio, turpis, sed, etiam, nefarius, sum, arbitror, atque, tamen, ita, disputo, is, teneo, lex, is, oportet, qui, suus, iudicium, sum, ille, condicio, uita, sequor, delecto, amplus, ciuitas, gradus, sella, curulis, fascis, imperium, prouincia, sacerdotium, triumphus, denique, imago, ipse, ad, posteritas, memoria, prodeo",76,"1.0, NaN, 1.0, -0.5, 0.0, NaN, NaN, 1.0, NaN, NaN, 0.5, NaN, NaN, NaN, NaN, NaN, 0.0, NaN, NaN, NaN, NaN, 0.0, NaN, NaN, NaN, NaN, NaN, NaN, 0.0, NaN, -0.5, NaN, 0.0, 0.0, NaN, -1.0, NaN, NaN, -1.0, NaN, NaN, NaN, NaN, NaN, NaN, NaN, NaN, 0.5, NaN, NaN, NaN, NaN, 0.5, NaN, NaN, 0.0, 0.0, NaN, NaN, 0.0, 0.5, 0.0, NaN, NaN, NaN, 0.0, 0.0, NaN, NaN, NaN, NaN, NaN, NaN, 0.0, 1.0, NaN",0.039,-0.039,"hic, hic, pecunia, turpis, nefarius",0.066
cicero.pro_c_rabirio_post,7.17,"sum, simul, etiam, sollicitudo, aliqui, et, lex, et, iudicium, magnus, quidam, metus, nos, iste, numquam, contemno, ita, enim, disputo, sed, hic, uita, quiesco, atque, otiosus, sequor, sum, qui, quoniam, honor, careo, careo, etiam, molestia, tam, sum, tu, iudex, eques, quam, ego, senator, ita, sum, sed, tu, iste, peto, ego, hic, cogo, qui, res, aut, iudicium, ego, non, sum, licet",59,"NaN, NaN, NaN, -0.5, NaN, NaN, 0.5, NaN, 0.5, 0.0, NaN, -1.0, NaN, NaN, NaN, NaN, NaN, NaN, NaN, NaN, NaN, 0.0, NaN, NaN, NaN, NaN, NaN, NaN, NaN, 1.0, NaN, NaN, NaN, -1.0, NaN, NaN, NaN, 0.5, 0.0, NaN, NaN, NaN, NaN, NaN, NaN, NaN, NaN, NaN, NaN, NaN, NaN, NaN, 0.0, NaN, 0.5, NaN, NaN, NaN, NaN",0.008,-0.042,"hic, tu, tu, hic",0.068
cicero.pro_c_rabirio_post,7.18,"aut, lex, senatorius, non, teneo, hic, tu, eques, romanus, ius, ab, pater, accipio, amitto, moneo, ne, facio, rapio, homo, in, hic, iudicium, ex, omnis, non, modo, inuidia, sed, sermo, maleuolus, nisi, caueo, si, iam, tu, nuntio, in, senatus, sententia, dico, ut, hic, lex, teneo, concurro, ad, curia, puto, si, lex, fero, conuolo, ad, rostrum, tu, senatus, liber, hic, lex, sum, uolo, populus, numquam, ad-ligo, soluo, huc, conuenio, ne, constringo, discedo, cauete, nam",72,"NaN, 0.5, NaN, NaN, NaN, NaN, NaN, 0.0, NaN, 0.5, NaN, 0.0, NaN, NaN, NaN, NaN, NaN, NaN, 0.0, NaN, NaN, 0.5, NaN, NaN, NaN, NaN, -1.0, NaN, -0.5, -1.0, NaN, NaN, NaN, NaN, NaN, NaN, NaN, 0.5, 0.0, NaN, NaN, NaN, 0.5, NaN, NaN, NaN, -1.0, NaN, NaN, 0.5, NaN, NaN, NaN, NaN, NaN, 0.5, 0.5, NaN, 0.5, NaN, NaN, 0.0, NaN, NaN, NaN, NaN, NaN, NaN, NaN, NaN, NaN, NaN",0.014,-0.049,"hic, tu, hic, inuidia, maleuolus, tu, hic, tu, hic",0.125
cicero.pro_c_rabirio_post,7.19,"si, postumus, fraus, sum, qui, neque, tribunus, neque, praefectus, neque, ex, italia, comes, neque, familiaris, gabini, sum, quonam, sui, modo, defendo, posthac, qui, uester, ordo, cum, magistratus, noster, sum, hic, causa, implicati, tu, inquam, gabinius, ut, rex, reduco, impello, non, patior, meus, ego, iam, fides, de, gabinius, grauis, ago, qui, enim, ex, tantus, inimicitia, recipio, in, gratia, superus, studium, defendo, hic, affligo, uiolaris, non, debeo, cum, quo, ego, si, ante, gnaeus, pompeius, auctoritas, in, gratia, non, reduco, nunc, iam, ipse, fortuna, reduco",82,"NaN, NaN, -1.0, NaN, NaN, NaN, -0.5, NaN, NaN, NaN, NaN, NaN, NaN, NaN, 1.0, NaN, NaN, NaN, NaN, NaN, NaN, NaN, NaN, NaN, 0.5, NaN, 0.5, NaN, NaN, NaN, 0.0, NaN, NaN, NaN, NaN, NaN, 0.0, NaN, NaN, NaN, NaN, 0.0, NaN, NaN, 1.0, NaN, NaN, -0.5, NaN, NaN, NaN, NaN, NaN, -1.0, NaN, NaN, 1.0, NaN, 0.5, NaN, NaN, NaN, NaN, NaN, NaN, NaN, NaN, NaN, NaN, NaN, NaN, NaN, NaN, NaN, 1.0, NaN, NaN, NaN, NaN, NaN, 0.0, NaN",0.03,-0.037,"fraus, hic, tu, hic, uiolaris",0.061
cicero.pro_c_rabirio_post,8.2,"sed, tamen, cum, ita, dico, postumus, impulsus, gabinius, proficiscor, alexandream, si, defensio, gabini, fides, non, habeo, obliuiscor, etiam, accusatio, tuus, gabinius, sui, is, facio, dico, res, publicus, causa, qui, classis, archelai, timeo, qui, mare, refercio, sum, praedo, puto, lex, etiam, is, sui, liceo, dico, tu, inimicus, nego, ignosco, et, is, magis, qui, sum, contra, ille, iudico, redeo, igitur, ad, crimen, et, accusatio, tuus",63,"NaN, NaN, NaN, NaN, NaN, NaN, 0.0, NaN, NaN, NaN, NaN, NaN, NaN, 1.0, NaN, NaN, NaN, NaN, NaN, 0.0, NaN, NaN, NaN, NaN, NaN, 0.0, 0.0, 0.0, NaN, NaN, NaN, NaN, NaN, 0.0, NaN, NaN, NaN, NaN, 0.5, NaN, NaN, NaN, NaN, NaN, NaN, -1.0, NaN, NaN, NaN, NaN, NaN, NaN, NaN, NaN, NaN, NaN, NaN, NaN, NaN, -1.0, NaN, NaN, 0.0",-0.008,-0.032,"classis, tu, crimen",0.048
cicero.pro_c_rabirio_post,8.21,"quis, uociferabaris, decem, mille, talentum, gabinius, sum, promitto, auctor, uidelicet, perblandus, reperio, sum, qui, homo, ut, tu, uolo, auarus, exoro, sestertius, bis, millies, et, quadringentiens, ne, magnus, opus, contemno, gabinius, ille, quisquis, consilium, facio, facio, certus, suus, quicumque, mens, ille, sum, gabini, sum, siue, ille, ut, ipse, dico, gloria, siue, ut, tu, uolo, pecunia, quaero, sui, non, rabirio, quaero, rabirius, enim, non, gabini, comes, uel, sectator, neque, ad, gabini, qui, is, negotium, non, sum, sed, ad, publicus, lentulus, clarus, uir, auctoritas, ab, senatus, proficio, et, consilium, certus, et, spes, non, dubius, roma, contendo",93,"NaN, NaN, NaN, NaN, NaN, NaN, NaN, NaN, NaN, NaN, NaN, NaN, NaN, NaN, 0.0, NaN, NaN, NaN, -1.0, NaN, NaN, NaN, NaN, NaN, NaN, NaN, 0.0, 0.5, NaN, NaN, NaN, NaN, 0.5, NaN, NaN, 0.5, NaN, NaN, 0.5, NaN, NaN, NaN, NaN, NaN, NaN, NaN, NaN, NaN, 0.0, NaN, NaN, NaN, NaN, 0.0, NaN, NaN, NaN, NaN, NaN, NaN, NaN, NaN, NaN, NaN, NaN, 0.0, NaN, NaN, NaN, NaN, NaN, -0.5, NaN, NaN, NaN, NaN, 0.0, NaN, 0.5, 0.5, NaN, NaN, 0.5, NaN, NaN, 0.5, 0.5, NaN, 0.5, NaN, -0.5, NaN, NaN",0.032,-0.022,"tu, auarus, tu, pecunia",0.043
cicero.pro_c_rabirio_post,8.22,"at, dioecetes, sum, regius, et, quidem, in, custodia, etiam, sum, regius, et, uolo, uita, is, affero, paene, sum, multus, praeterea, qui, libido, rex, qui, necessitas, cogo, perfero, perfero, qui, omnis, res, unus, reprehensio, sum, qui, regnum, intro, qui, potestas, sui, rex, committo, uerus, si, quaero, stultus, quis, enim, stultus, quam, eques, romanus, ex, hic, urbs, hic, inquam, res, publicus, ciuis, qui, sum, unus, magnus, et, sum, semper, liber, uenio, in, is, locus, ubi, pareo, alter, et, seruio, sum",78,"NaN, NaN, NaN, 0.0, NaN, NaN, NaN, NaN, NaN, NaN, 0.0, NaN, NaN, 0.0, NaN, NaN, NaN, NaN, 0.0, NaN, NaN, -0.5, 0.0, NaN, NaN, NaN, NaN, NaN, NaN, NaN, 0.0, NaN, -0.5, NaN, NaN, 0.0, NaN, NaN, 0.5, NaN, 0.0, NaN, 0.5, NaN, NaN, -1.0, NaN, NaN, -1.0, NaN, 0.0, NaN, NaN, NaN, 0.5, NaN, NaN, 0.0, 0.0, 0.5, NaN, NaN, NaN, 0.0, NaN, NaN, NaN, 0.5, NaN, NaN, NaN, 0.0, NaN, NaN, NaN, NaN, NaN, NaN",-0.006,-0.038,"libido, stultus, stultus, hic, hic",0.064
cicero.pro_c_rabirio_post,9.23,"sed, ego, in, hic, tamen, postumus, non, ignosco, homo, mediocris, doceo, in, quo, uideo, sapio, homo, sum, labor, uir, unus, totus, graecia, facilis, doceo, platonem, iniquitas, dionysi, siciliae, tyrannus, qui, sui, ille, committo, in, magnus, periculum, insidiae, sum, uerso, accipio, callisthenem, doceo, homo, comes, magnus, alexander, ab, alexandro, neco, demetrium, qui, phalereus, uocito, sum, et, ex, res, publicus, atheniensi, quam, optume, gero, et, ex, doctrina, nobilis, et, clarus, in, idem, iste, aegyptio, regnum, aspis, ad, corpus, admoueo, uito, sum, priuo",80,"NaN, NaN, NaN, NaN, NaN, NaN, NaN, NaN, 0.0, 0.0, NaN, NaN, NaN, NaN, NaN, 0.0, NaN, -0.5, 0.5, NaN, NaN, NaN, 0.5, NaN, NaN, -1.0, NaN, NaN, NaN, NaN, NaN, NaN, NaN, NaN, 0.0, -1.0, NaN, NaN, NaN, NaN, NaN, NaN, 0.0, NaN, 0.0, NaN, NaN, NaN, NaN, NaN, NaN, NaN, NaN, NaN, NaN, NaN, 0.0, 0.0, NaN, NaN, NaN, NaN, NaN, NaN, 0.0, 1.0, NaN, 0.5, NaN, NaN, NaN, NaN, 0.0, NaN, NaN, 0.0, NaN, NaN, NaN, NaN",0.0,-0.031,"hic, iniquitas, tyrannus, insidiae",0.05
cicero.pro_c_rabirio_post,9.24,"planus, confiteor, fio, nihil, possum, demens, quam, scio, in, is, locus, uenio, ubi, libertas, sum, perdo, sed, hic, ipse, facio, stultitia, alius, iam, superus, stultitia, defendo, qui, facio, ut, hic, stultus, facinus, qui, in, regnum, uenio, qui, sui, rex, committo, sapienter, facio, sum, uideo, si, quidem, non, tam, semper, stultus, quam, serus, sapio, sum, cum, stultitia, suus, impedio, sum, quisquis, modo, possum, sui, expedio",64,"0.0, NaN, NaN, NaN, NaN, -1.0, NaN, NaN, NaN, NaN, 0.0, NaN, NaN, 0.5, NaN, NaN, NaN, NaN, NaN, NaN, -1.0, NaN, NaN, NaN, -1.0, NaN, NaN, NaN, NaN, NaN, -1.0, -1.0, NaN, NaN, 0.0, NaN, NaN, NaN, 0.0, NaN, NaN, NaN, NaN, NaN, NaN, NaN, NaN, NaN, NaN, -1.0, NaN, NaN, NaN, NaN, NaN, -1.0, NaN, NaN, NaN, NaN, NaN, NaN, NaN, NaN",-0.102,-0.109,"demens, hic, stultitia, stultitia, hic, stultus, facinus, stultus, stultitia",0.141
cicero.pro_c_rabirio_post,9.25,"quam, ob, res, ille, maneo, et, figo, sum, qui, neque, moueo, neque, muto, possum, in, quo, aequum, spero, postumus, dico, pecco, iniquus, ipse, etiam, insanio, sui, confiteor, qui, suus, qui, amicus, pecunia, rex, credo, cum, tantus, fortuna, suus, periculum, hic, quidem, semel, suscepto, atque, contraho, perpetior, ille, sum, ut, sui, aliquando, atque, suus, uindico, itaque, obicio, licet, quam, uolo, saepe, palliatus, sum, aliqui, habeo, non, romanus, homo, insigne, quotiens, is, quispiam, dico, totiens, unus, dico, atque, idem, ille, temere, hic, pecunia, rex, credo, suus, fortuna, atque, fama, libido, regia, committo",90,"NaN, NaN, 0.0, NaN, NaN, NaN, NaN, NaN, NaN, NaN, NaN, NaN, NaN, NaN, NaN, NaN, 0.5, NaN, NaN, NaN, NaN, -1.0, NaN, NaN, NaN, NaN, NaN, NaN, NaN, NaN, 1.0, 0.0, 0.0, NaN, NaN, NaN, 0.0, NaN, -1.0, NaN, NaN, NaN, NaN, NaN, NaN, NaN, NaN, NaN, NaN, NaN, NaN, NaN, NaN, NaN, NaN, NaN, NaN, NaN, NaN, NaN, NaN, NaN, NaN, NaN, NaN, NaN, 0.0, NaN, NaN, NaN, NaN, NaN, NaN, NaN, NaN, NaN, NaN, NaN, NaN, NaN, 0.0, 0.0, NaN, NaN, 0.0, NaN, 1.0, -0.5, NaN, NaN",0.0,-0.028,"iniquus, insanio, pecunia, hic, hic, pecunia, libido",0.078
cicero.pro_c_rabirio_post,9.26,"facio, temere, fateor, muto, facio, iam, nullus, modo, possum, aut, pallium, sumo, alexandreae, ut, is, roma, togatus, sum, licet, aut, omnis, fortuna, abicio, si, toga, retineo, deliciae, causa, et, uoluptas, non, modo, nosco, ciuis, romanus, sed, et, nobilis, adulescens, et, quidam, etiam, senator, superus, locus, nascor, non, in, hortus, aut, suburbanus, suus, sed, neapoli",54,"NaN, NaN, NaN, NaN, NaN, NaN, NaN, NaN, NaN, NaN, NaN, NaN, NaN, NaN, NaN, NaN, NaN, NaN, NaN, NaN, NaN, 0.0, NaN, NaN, NaN, NaN, NaN, 0.0, NaN, 1.0, NaN, NaN, NaN, 0.5, NaN, NaN, NaN, 1.0, NaN, NaN, NaN, NaN, NaN, NaN, 0.0, NaN, NaN, NaN, NaN, NaN, NaN, NaN, NaN, NaN",0.046,0.0,"deliciae, adulescens",0.037
cicero.pro_c_rabirio_post,10.27,"in, celeber, oppidum, in, tunica, pullo, saepe, uideo, ibidem, multus, uideo, chlamydatus, ille, lucius, sulla, imperator, lucius, uerus, scipio, qui, bellum, in, asia, gero, antiochumque, deuinco, non, solus, cum, chlamys, sed, etiam, cum, crepida, in, capitolium, statua, uideo, qui, impunis, sum, non, modo, ab, iudicium, sed, etiam, ab, sermo, facilis, certus, publicus, rutilium, rufus, necessitas, excusatio, defendo, qui, cum, ab, mithridate, mytilenis, opprimo, sum, crudelitas, rex, in, togatus, uestio, mutatio, uito, ergo, ille, publicus, rutilus, qui, documentum, sum, homo, noster, uirtus, antiquitas, prudentia, consularis, homo, soccus, habeo, et, pallium, neque, uerus, is, homo, quisquam, sed, tempus, ad-signo, puto, postumus, crimen, uestio, affero, is, in, quo, spes, sum, possum, sui, aliquando, ad, fortuna, suus, peruenio, nam, ut, uenio, sum, alexandream",119,"NaN, NaN, NaN, NaN, NaN, NaN, NaN, NaN, NaN, 0.0, NaN, NaN, NaN, NaN, NaN, 0.5, NaN, 0.5, NaN, NaN, 0.0, NaN, NaN, NaN, NaN, NaN, NaN, -0.5, NaN, NaN, NaN, NaN, NaN, NaN, NaN, NaN, NaN, NaN, NaN, -0.5, NaN, NaN, NaN, NaN, 0.5, NaN, NaN, NaN, -0.5, 0.5, 0.5, 0.0, NaN, NaN, NaN, 0.5, NaN, NaN, NaN, NaN, NaN, NaN, NaN, NaN, -1.0, 0.0, NaN, NaN, NaN, NaN, NaN, NaN, NaN, 0.0, NaN, NaN, 0.0, NaN, 0.0, NaN, 1.0, 0.0, 0.5, 0.5, 0.0, NaN, NaN, NaN, NaN, NaN, 0.5, NaN, 0.0, NaN, NaN, 0.0, NaN, NaN, NaN, -1.0, NaN, NaN, NaN, NaN, NaN, 0.5, NaN, NaN, NaN, NaN, NaN, 0.0, NaN, NaN, NaN, NaN, NaN, NaN, NaN",0.021,-0.029,"impunis, crudelitas, uestio, crimen, uestio",0.042
cicero.pro_c_rabirio_post,10.28,"iudex, hic, unus, ratio, ab, rex, propono, postumus, sum, seruo, pecunia, si, curatio, et, quasi, dispensatio, regia, suscipio, is, autem, facio, non, possum, nisi, dioecetes, hoc, enim, nomen, uto, qui, is, rego, esset, constituo, odiosus, negotium, postumus, uideo, sed, sum, nullus, omnino, recusatio, molestus, etiam, nomen, ipse, sed, res, habeo, nomen, hic, apud, ille, non, hic, impono, odi, uestio, etiam, ille, sed, sine, is, neque, nomen, ille, possum, neque, munus, tueor, ergo, adsum, uolo, ut, aio, poeta, ille, noster, qui, superus, frango, infirmo, ops",84,"0.5, NaN, NaN, 0.0, NaN, 0.0, NaN, NaN, NaN, NaN, 0.0, NaN, NaN, NaN, NaN, NaN, NaN, NaN, NaN, NaN, NaN, NaN, NaN, NaN, NaN, NaN, NaN, 0.0, NaN, NaN, NaN, NaN, NaN, NaN, NaN, -0.5, NaN, NaN, NaN, NaN, NaN, NaN, NaN, -1.0, NaN, 0.0, NaN, NaN, 0.0, NaN, 0.0, NaN, NaN, NaN, NaN, NaN, NaN, NaN, NaN, NaN, NaN, NaN, NaN, NaN, NaN, 0.0, NaN, NaN, NaN, 0.5, NaN, NaN, NaN, NaN, NaN, NaN, 0.0, NaN, NaN, NaN, NaN, NaN, NaN, 0.0",-0.006,-0.018,"hic, pecunia, hic, hic, uestio",0.06
cicero.pro_c_rabirio_post,10.29,"morior, inquam, nam, is, sequor, facio, certus, si, sine, maximus, dedecor, tam, impedio, suus, res, possum, emorior, nolo, igitur, fortuna, conuerto, in, culpa, neque, rex, iniuria, hic, crimen, puto, neque, consilium, ex, necessitas, neque, uoluntas, ex, uis, interpretaris, nisi, fors, is, etiam, qui, in, hostis, aut, in, praedo, incido, si, aliter, quispiam, cogo, facio, atque, liber, uitupero, puto, nemo, nos, ignoro, etiam, si, experior, non, sum, consuetudo, regia, rex, autem, sum, hic, imperium, animaduerto, atque, dico, paris, et, praeter, rogitas, si, multus, et, ille, minae, si, tu, secundus, lumen, hic, offendo, morior, qui, non, ut, delecto, solus, lego, et, specto, debeo, sed, ut, caueo, etiam, et, effugio, disco",108,"NaN, NaN, NaN, NaN, NaN, NaN, 0.5, NaN, NaN, NaN, NaN, NaN, NaN, NaN, 0.0, NaN, NaN, NaN, NaN, 0.0, NaN, NaN, -1.0, NaN, 0.0, -1.0, NaN, -1.0, NaN, NaN, 0.5, NaN, NaN, NaN, 0.0, NaN, 1.0, NaN, NaN, 0.0, NaN, NaN, NaN, NaN, -1.0, NaN, NaN, NaN, NaN, NaN, NaN, NaN, NaN, NaN, NaN, 0.5, NaN, NaN, -0.5, NaN, NaN, NaN, NaN, NaN, NaN, NaN, NaN, NaN, 0.0, NaN, NaN, NaN, 0.0, NaN, NaN, NaN, 0.5, NaN, NaN, NaN, NaN, 0.0, NaN, NaN, -0.5, NaN, NaN, 0.0, NaN, NaN, NaN, NaN, NaN, NaN, NaN, NaN, -0.5, NaN, NaN, NaN, NaN, NaN, NaN, NaN, NaN, NaN, NaN, NaN",-0.023,-0.051,"dedecor, culpa, hic, crimen, hic, tu, hic",0.065
cicero.pro_c_rabirio_post,11.3,"at, ex, hic, ipse, crimen, exorior, aio, enim, gabinius, pecunia, postumus, cum, cogo, decimus, imperataris, pecunia, sui, cogo, non, intellego, hic, qualis, sum, utrum, accessio, decimus, ut, noster, facio, coactor, soleo, in, centesimus, an, decessio, de, summus, facio, si, accessio, undecim, mille, talentum, ad, gabinius, peruenio, at, non, modo, abs, tu, decem, mille, obiecto, sum, sed, etiam, ab, hic, aestimo",60,"NaN, NaN, NaN, NaN, -1.0, NaN, NaN, NaN, NaN, 0.0, NaN, NaN, NaN, NaN, NaN, 0.0, NaN, NaN, NaN, NaN, NaN, NaN, NaN, NaN, 0.0, NaN, NaN, NaN, NaN, NaN, NaN, NaN, NaN, NaN, NaN, NaN, NaN, NaN, NaN, 0.0, NaN, NaN, NaN, NaN, NaN, NaN, NaN, NaN, NaN, NaN, NaN, NaN, NaN, NaN, NaN, NaN, NaN, NaN, NaN, NaN",-0.017,-0.017,"hic, crimen, pecunia, pecunia, hic, tu, hic",0.117
cicero.pro_c_rabirio_post,11.31,"addo, ille, etiam, qui, tandem, conuenio, aut, tam, grauis, onus, tributor, ad, tantus, pecunia, cogo, mille, talentum, accessio, sum, facio, aut, in, tantus, merces, homo, ut, uolo, auarus, mille, talentum, decessio, sum, concedo, neque, enim, sum, gabini, remitto, tantus, de, suus, neque, rex, impono, tantus, patior, suus, at, sum, testis, legatus, alexandrini, is, nihil, in, gabinius, dico, immo, is, gabinius, laudo, ubi, ergo, ille, mos, ubi, consuetudo, iudicium, ubi, exemplum, soleo, is, dico, in, is, qui, pecunia, redigo, qui, in, ille, qui, nomen, is, pecunia, redigo, non, dico, ago, si, is, qui, non, dico, soleo, etiam, is, soleo, qui, laudo",100,"NaN, NaN, NaN, NaN, NaN, NaN, NaN, NaN, -0.5, NaN, NaN, NaN, NaN, 0.0, NaN, NaN, NaN, 0.0, NaN, NaN, NaN, NaN, NaN, 1.0, 0.0, NaN, NaN, -1.0, NaN, NaN, NaN, NaN, NaN, NaN, NaN, NaN, NaN, NaN, NaN, NaN, NaN, NaN, 0.0, NaN, NaN, NaN, NaN, NaN, NaN, NaN, 0.0, NaN, NaN, NaN, NaN, NaN, NaN, NaN, NaN, NaN, NaN, NaN, NaN, NaN, 0.5, NaN, NaN, 0.5, NaN, 0.0, NaN, NaN, NaN, NaN, NaN, NaN, 0.0, NaN, NaN, NaN, NaN, NaN, 0.0, NaN, 0.0, NaN, NaN, NaN, NaN, NaN, NaN, NaN, NaN, NaN, NaN, NaN, NaN, NaN, NaN, NaN",0.005,-0.015,"pecunia, auarus, pecunia, pecunia",0.04
cicero.pro_c_rabirio_post,11.32,"idem, testis, et, quidem, non, produco, sed, dictum, testis, recitas, quasi, praeiudico, res, ad, hic, causa, defero, soleo, et, aio, etiam, meus, familiaris, et, necessarius, idem, causa, alexandrinus, sum, cur, laudo, gabinius, qui, ego, sum, cur, idem, defendo, ego, caius, memmi, causa, defendo, gabini, sum, reconciliatio, gratia, neque, ego, uerus, paeniteo, mortalis, inimicitia, sempiternus, amicitia, habeo, nam, si, ego, inuitus, puto, ne, -que, -ne",64,"NaN, NaN, NaN, NaN, NaN, NaN, NaN, 0.0, NaN, NaN, NaN, NaN, 0.0, NaN, NaN, 0.0, NaN, NaN, NaN, NaN, NaN, 0.0, 1.0, NaN, 0.0, NaN, 0.0, NaN, NaN, NaN, NaN, NaN, NaN, NaN, NaN, NaN, NaN, NaN, NaN, NaN, NaN, 0.0, NaN, NaN, NaN, 0.5, 1.0, NaN, NaN, 0.5, NaN, -1.0, -1.0, NaN, 1.0, NaN, NaN, NaN, NaN, -0.5, NaN, NaN, NaN, NaN",0.023,-0.039,hic,0.016
cicero.pro_c_rabirio_post,12.33,"pompeius, animus, offendo, defendo, causa, et, ille, et, ego, uehemens, ignoro, neque, enim, pompeius, ego, suus, causa, quisquam, facio, uolo, inuitus, neque, ego, qui, omnis, ciuis, libertas, carus, sum, meus, pro-iacio, neque, quam, diu, inimicus, gabinius, sum, non, amicus, ego, gnaeus, pompeius, sum, neque, postea, quam, ille, auctoritas, is, do, uenio, quam, debeo, quisquam, simulo, facio, ne, cum, meus, perfidia, ille, etiam, ipse, facio, qui, beneficium, do, iniuria, nam, non, redeo, in, gratia, cum, inimicus, non, uiolo, pompeius, si, per, is, reduco, insidiosus, redeo, ego, scilicet, magnus, sed, propior, ille, quoque, fallo",92,"NaN, 0.5, NaN, NaN, 0.0, NaN, NaN, NaN, NaN, NaN, NaN, NaN, NaN, NaN, NaN, NaN, 0.0, NaN, NaN, NaN, -0.5, NaN, NaN, NaN, NaN, 0.5, 0.5, 1.0, NaN, 0.0, NaN, NaN, NaN, NaN, -1.0, NaN, NaN, NaN, 1.0, NaN, NaN, NaN, NaN, NaN, NaN, NaN, NaN, NaN, NaN, NaN, NaN, NaN, NaN, NaN, NaN, NaN, NaN, NaN, 0.0, -1.0, NaN, NaN, NaN, NaN, NaN, 1.0, NaN, -1.0, NaN, NaN, NaN, NaN, 1.0, NaN, -1.0, NaN, NaN, NaN, NaN, NaN, NaN, NaN, -1.0, NaN, NaN, NaN, 0.0, NaN, 0.0, NaN, NaN, NaN",0.0,-0.06,"perfidia, uiolo, insidiosus, fallo",0.043
cicero.pro_c_rabirio_post,12.34,"atque, de, ego, omitto, ad, alexandrinos, iste, reuorto, qui, habeo, os, quam, audacia, modo, tu, inspecto, in, iudicium, gabini, tertius, quoque, uerbum, excito, nego, pecunia, gabinius, do, recito, identidem, pompeius, testimonium, rex, ad, sui, scribo, nullus, pecunia, gabinius, nisi, in, res, militaris, do, non, sum, inquam, tum, alexandrinus, testis, credo, quis, postea, credo, nunc, quam, ob, res, quia, nunc, aio, qui, tum, nego, quis, ergo",65,"NaN, NaN, NaN, NaN, NaN, NaN, NaN, NaN, NaN, NaN, 0.0, NaN, 1.0, NaN, NaN, NaN, NaN, 0.5, NaN, 0.0, NaN, 0.0, NaN, NaN, 0.0, NaN, NaN, NaN, NaN, NaN, NaN, 0.0, NaN, NaN, NaN, NaN, 0.0, NaN, NaN, NaN, 0.0, 0.0, NaN, NaN, NaN, NaN, NaN, NaN, NaN, NaN, NaN, NaN, NaN, NaN, NaN, NaN, 0.0, NaN, NaN, NaN, NaN, NaN, NaN, NaN, NaN",0.023,0.0,"audacia, tu, pecunia, pecunia",0.062
cicero.pro_c_rabirio_post,12.35,"iste, condicio, sum, testis, ut, qui, credo, non, sum, nego, idem, credo, dico, at, si, uerus, tum, seuerus, frons, dico, nunc, mentior, si, tum, mentior, sum, doceo, nos, uerus, quo, uultus, soleo, dico, audio, alexandream, nunc, cognosco, illinc, omnis, praestigiae, illinc, inquam, omnis, fallacia, omnis, denique, ab, is, mimus, argumentum, nata, sum, neque, ego, longus, quisquam, sum, iudex, quam, uideo, homo, uultus",62,"NaN, 0.0, NaN, NaN, NaN, NaN, NaN, NaN, NaN, NaN, NaN, NaN, NaN, NaN, NaN, 0.5, NaN, NaN, 0.0, NaN, NaN, NaN, NaN, NaN, NaN, NaN, NaN, NaN, 0.5, NaN, NaN, NaN, NaN, NaN, NaN, NaN, NaN, NaN, NaN, NaN, NaN, NaN, NaN, -1.0, NaN, NaN, NaN, NaN, -0.5, 0.0, NaN, NaN, NaN, NaN, 0.0, NaN, NaN, 0.5, NaN, NaN, 0.0, NaN",0.0,-0.024,"fallacia, mimus",0.032
cicero.pro_c_rabirio_post,13.36,"dico, hic, modo, cum, nos, ad, hic, subsellium, qui, supercilium, renuo, hic, decem, mille, crimen, iam, nosco, insulsitas, graecorum, umerus, gero, ago, tum, tempus, credo, causa, nunc, scilicet, tempus, nullus, sum, ubi, semel, quis, peierauerit, is, credo, postea, etiam, si, per, multus, deus, iuro, non, oportet, praesertim, iudex, cum, in, hic, iudicium, ne, locus, quidem, nouo, testis, soleo, sum, ob, eo, causa, idem, iudex, retineo, qui, sum, de, reor, ut, is, nosco, sum, omnis, neue, quis, fingo, nosco, possum",79,"NaN, NaN, NaN, NaN, NaN, NaN, NaN, NaN, NaN, NaN, NaN, NaN, NaN, NaN, -1.0, NaN, NaN, NaN, NaN, NaN, NaN, NaN, NaN, 0.0, NaN, 0.0, NaN, NaN, 0.0, NaN, NaN, NaN, NaN, NaN, NaN, NaN, NaN, NaN, NaN, NaN, NaN, 0.0, 0.0, NaN, NaN, NaN, NaN, 0.5, NaN, NaN, NaN, 0.5, NaN, 0.0, NaN, NaN, NaN, NaN, NaN, NaN, NaN, 0.0, NaN, 0.5, NaN, NaN, NaN, NaN, NaN, NaN, NaN, NaN, NaN, NaN, NaN, NaN, NaN, NaN, NaN",0.006,-0.013,"hic, hic, hic, crimen, hic, fingo",0.076
cicero.pro_c_rabirio_post,13.37,"quo, is, pecunia, peruenio, %no, -ne, suus, proprius, iudicium, in, reus, facti%, condemnaris, soleo, itaque, si, aut, prae-do, do, gabinius, aut, tantus, ex, is, bonus, quantus, summus, lis, sum, populus, recipio, quiuis, magnus, ad, postumus, ab, is, pecunia, peruenio, non, redigo, ut, intellego, facilis, possum, qui, ex, is, pecunia, qui, ad, aliquis, reus, qui, damno, sum, uenio, peruenio, ad, aliquis, in, ille, primus, iudicium, planus, facio, sum, is, hic, genus, iudicium, redigo, soleo, nunc, uerus, quis, ago, ubi, terra, sum, quis, tam, peruerto, tam, praeposterus, dico, aut, excogitaris, possum",89,"NaN, NaN, 0.0, NaN, NaN, NaN, NaN, 0.0, 0.5, NaN, NaN, NaN, NaN, NaN, NaN, NaN, NaN, NaN, NaN, NaN, NaN, NaN, NaN, NaN, 1.0, NaN, NaN, -0.5, NaN, 0.0, NaN, NaN, 0.0, NaN, NaN, NaN, NaN, 0.0, NaN, NaN, NaN, NaN, NaN, 0.5, NaN, NaN, NaN, NaN, 0.0, NaN, NaN, NaN, NaN, NaN, NaN, NaN, NaN, NaN, NaN, NaN, NaN, NaN, 0.5, 0.5, 0.0, NaN, NaN, NaN, NaN, 0.0, 0.5, NaN, NaN, NaN, 0.5, NaN, NaN, NaN, 0.0, NaN, NaN, NaN, NaN, NaN, NaN, NaN, NaN, NaN, NaN",0.039,-0.006,"pecunia, reus, pecunia, pecunia, reus, damno, hic",0.079
cicero.pro_c_rabirio_post,13.38,"accuso, is, qui, non, aufero, ab, rex, sicut, gabinius, iudico, sum, sed, qui, maximus, rex, pecunia, credo, ergo, is, gabinius, do, qui, non, hic, reddo, ito, ago, cedo, cum, is, qui, pecunia, postumus, debeo, non, hic, sed, gabinius, do, condemno, gabinius, utrum, ille, quo, is, pecunia, peruenio, an, hic, dico, causa, sum, at, habeo, et, celo, sum, enim, qui, ita, loquor, qui, genus, tandem, sum, iste, ostentatio, et, gloria, si, nihil, habeo, umquam, tamen, si, quaero, cur, sui, dissimulo, habeo, causa, non, sum, qui, uerus, duo, lauo, et, copiosus, patrimonium, accipio, res, praeterea, bonus, et, honestus, ratio, augeo, quis, sum, tandem, causa, cur, existimo, uolo, nihil, habeo",107,"NaN, NaN, NaN, NaN, NaN, NaN, 0.0, NaN, NaN, NaN, NaN, NaN, NaN, NaN, 0.0, 0.0, NaN, NaN, NaN, NaN, NaN, NaN, NaN, NaN, NaN, NaN, NaN, NaN, NaN, NaN, NaN, 0.0, NaN, NaN, NaN, NaN, NaN, NaN, NaN, NaN, NaN, NaN, NaN, NaN, NaN, 0.0, NaN, NaN, NaN, NaN, 0.0, NaN, NaN, NaN, NaN, NaN, NaN, NaN, NaN, NaN, NaN, NaN, 0.0, NaN, NaN, NaN, NaN, NaN, 0.0, NaN, NaN, NaN, NaN, NaN, NaN, NaN, NaN, NaN, NaN, NaN, 0.0, NaN, NaN, NaN, 0.5, NaN, NaN, NaN, 1.0, NaN, NaN, 0.0, NaN, 1.0, NaN, 1.0, 0.0, NaN, NaN, NaN, NaN, 0.0, NaN, NaN, NaN, NaN, NaN",0.033,0.0,"pecunia, hic, pecunia, hic, pecunia, hic, ostentatio, honestus",0.075
cicero.pro_c_rabirio_post,14.39,"an, cum, credo, induco, usura, is, ago, ut, habeo, quam, multus, postea, quam, exigo, qui, credo, ut, existimo, ago, nouus, genus, hic, gloria, concupisco, dominor, sum, enim, inquam, alexandreae, immo, uerus, in, superbus, dominor, sum, perfero, ipse, custodia, uideo, in, uinclum, familiaris, suus, mors, ob, oculus, saepe, uerso, sum, nudus, atque, egeo, ad, exter, fugio, e, regnum, at, permuto, aliquando, pecunia, sum",62,"NaN, NaN, NaN, NaN, -0.5, NaN, NaN, NaN, NaN, NaN, 0.0, NaN, NaN, NaN, NaN, NaN, NaN, NaN, NaN, 1.0, 0.0, NaN, 0.0, NaN, NaN, NaN, NaN, NaN, NaN, NaN, 0.5, NaN, -1.0, NaN, NaN, NaN, NaN, NaN, NaN, NaN, NaN, 1.0, NaN, -1.0, NaN, 0.0, NaN, NaN, NaN, 0.0, NaN, NaN, NaN, 0.0, NaN, NaN, 0.0, NaN, NaN, NaN, 0.0, NaN",0.0,-0.04,"hic, uinclum, pecunia",0.048
cicero.pro_c_rabirio_post,14.4,"defero, nauo, postumus, puteolos, sum, audio, uideo, merces, fallax, quidem, et, fucosus, e, charta, et, linteum, et, uitrum, qui, cum, multus, nauo, refercio, sum, naulis, non, possum, paro, cataplus, ille, puteolanus, sermo, ille, tempus, ueho, curro, atque, ostentatio, tum, subinuideo, apud, maleuolus, postumus, nomen, propter, opinio, pecunia, nescio, quam, aestas, unus, non, multus, auris, refercio, iste, sermo",57,"NaN, NaN, NaN, NaN, NaN, NaN, NaN, 1.0, -1.0, NaN, NaN, NaN, NaN, NaN, NaN, NaN, NaN, NaN, NaN, NaN, 0.0, NaN, NaN, NaN, NaN, NaN, NaN, NaN, NaN, NaN, NaN, -0.5, NaN, 0.0, NaN, NaN, NaN, NaN, NaN, NaN, NaN, -1.0, NaN, 0.0, NaN, 0.0, 0.0, NaN, NaN, NaN, NaN, NaN, 0.0, NaN, NaN, NaN, -0.5",-0.035,-0.053,"linteum, uitrum, ostentatio, maleuolus, pecunia",0.088
cicero.pro_c_rabirio_post,15.41,"uerus, autem, iudex, si, scio, uolo, nisi, caius, caesar, summus, in, omnis, incredibilis, in, hic, idem, liberalitas, ex-sisto, nos, hic, postumus, iam, pridem, in, forum, non, habeo, ille, onus, multus, hic, amicus, excipio, unus, quisque, multus, homo, necessarius, secundus, postumus, res, discribo, sustineo, nunc, is, affligo, fortuna, uniuersus, sustineo, umbram, equio, romanus, et, imago, uideo, iudex, unus, amicus, conseruo, auxilium, et, fides, nihil, hic, eripio, possum, praeter, hic, simulacrum, pristinus, dignitas, qui, caesar, solus, tueor, et, sustineo, qui, quidem, in, miser, res, hic, tamen, tribuo, maximus, sum, nisi, uerus, hic, mediocris, uirtus, efficio, possum, ut, tantus, ille, uir, tantus, duco, hic, et, affligo, praesertim, et, absum, et, in, tantus, fortuna, suus, ut, alienus, respicio, magnus, sum, et, in, tantus, occupatio, maximaris, res, qui, gero, atque, gero, ut, uel, obliuiscor, alius, non, sum, mirus, uel, si, memini, obliuiscor, sum, sui, facilis, possum, probaris",142,"0.5, NaN, 0.5, NaN, NaN, NaN, NaN, NaN, 0.5, NaN, NaN, NaN, -0.5, NaN, NaN, NaN, 1.0, NaN, NaN, NaN, NaN, NaN, NaN, NaN, NaN, NaN, NaN, NaN, NaN, 0.0, NaN, 1.0, NaN, NaN, NaN, 0.0, 0.0, 0.0, 0.0, NaN, 0.0, NaN, NaN, NaN, NaN, NaN, 0.0, 0.0, NaN, NaN, NaN, NaN, NaN, NaN, NaN, 0.5, NaN, 1.0, NaN, 0.0, NaN, 1.0, NaN, NaN, NaN, NaN, NaN, NaN, 0.0, 0.0, 1.0, NaN, 0.5, -0.5, NaN, NaN, NaN, NaN, NaN, NaN, -1.0, 0.0, NaN, NaN, NaN, NaN, NaN, NaN, 0.5, NaN, 0.0, 1.0, NaN, NaN, NaN, NaN, NaN, 0.5, NaN, NaN, NaN, NaN, NaN, NaN, NaN, NaN, NaN, NaN, NaN, 0.0, NaN, NaN, -0.5, NaN, 0.0, NaN, NaN, NaN, NaN, NaN, NaN, 0.0, NaN, NaN, NaN, NaN, NaN, NaN, NaN, NaN, NaN, NaN, 1.0, NaN, NaN, NaN, NaN, NaN, NaN, 0.5, NaN, NaN",0.06,-0.018,"hic, hic, hic, hic, hic, miser, hic, hic, hic",0.063
cicero.pro_c_rabirio_post,15.42,"multus, equidem, caius, caesar, uirtus, magnus, incredibilis, cognosco, sed, sum, ceterus, magnus, quasi, theatrum, propono, et, paene, popularis, castrum, locus, capio, exercitus, instruo, expugnaris, urbs, acies, hostis, profligaris, hic, uis, frigus, hiemumque, quam, nos, uix, hic, urbs, tectum, sustineo, excipio, is, ipse, dies, hostis, persequor, cum, etiam, fera, latibulum, sui, tego, atque, omnis, bellum, ius, gens, conquiesco, sum, is, quidem, magnus, quis, nego, sed, magnus, excito, sum, praemium, atque, memoria, homo, sempiternus, quo, paruus, admiror, sum, is, facio, ille, qui, immortalitas, con-cupio",82,"0.0, NaN, NaN, 0.5, 1.0, 0.0, -0.5, NaN, NaN, NaN, 0.0, 0.0, NaN, NaN, NaN, NaN, NaN, 0.0, NaN, 0.0, NaN, 0.0, NaN, NaN, 0.5, 0.0, -1.0, NaN, NaN, 1.0, NaN, NaN, NaN, NaN, NaN, NaN, 0.5, NaN, NaN, NaN, NaN, NaN, 0.0, -1.0, NaN, NaN, NaN, NaN, NaN, NaN, NaN, NaN, NaN, 0.0, 0.5, 0.0, NaN, NaN, NaN, NaN, 0.0, NaN, NaN, NaN, 0.0, NaN, NaN, 1.0, NaN, 1.0, 0.0, NaN, NaN, 0.0, NaN, NaN, NaN, NaN, NaN, NaN, 0.5, NaN",0.049,-0.03,"popularis, hic, hic, fera",0.049
cicero.pro_c_rabirio_post,16.43,"hic, uerus, laus, sum, qui, non, poetaris, carmen, non, annalis, monumentum, celebro, sed, prudens, iudicium, expendo, eques, romanus, uetus, amicus, suus, studiosus, amo, obseruo, suus, non, libido, non, turpis, impendo, cupiditas, atque, iacio, sed, experientia, patrimonium, amplifico, labor, excipio, corruo, non, sino, fulcio, et, sustineo, res, fortuna, fides, hodie, sustineo, neque, amicus, pendeo, corruo, patior, neque, ille, animus, acies, praestringo, splendor, suus, nomen, neque, mens, quasi, lumen, officio, altitudo, fortuna, et, gloria, sum, sanus, ille, magnus, qui, res, uerus, magnus, sum",81,"NaN, 0.5, 1.0, NaN, NaN, NaN, NaN, 0.0, NaN, 0.0, NaN, NaN, NaN, 1.0, 0.5, NaN, 0.0, NaN, 0.0, 1.0, NaN, 0.5, NaN, NaN, NaN, NaN, -0.5, NaN, -1.0, NaN, -0.5, NaN, NaN, NaN, NaN, NaN, NaN, -0.5, NaN, NaN, NaN, NaN, NaN, NaN, NaN, 0.0, 0.0, 1.0, NaN, NaN, NaN, 1.0, NaN, NaN, NaN, NaN, NaN, 0.5, 0.0, NaN, 1.0, NaN, 0.0, NaN, 0.5, NaN, NaN, NaN, NaN, 0.0, NaN, 0.0, NaN, 1.0, NaN, 0.0, NaN, 0.0, 0.5, 0.0, NaN",0.093,-0.031,"hic, libido, turpis",0.037
cicero.pro_c_rabirio_post,16.44,"de, iudicium, animus, meus, ut, uolo, quisque, sentio, ego, enim, hic, in, tantus, ops, tantus, fortuna, liberalitas, in, suus, memoria, amicitia, reliquus, uirtus, omnis, antepono, quam, quidem, tu, iudex, is, in, nouo, genus, bonitas, inusitatus, claris, atque, praepossum, uis, non, modo, non, aspernaris, atque, refutaris, sed, complector, etiam, et, augeo, debeo, et, is, magis, qui, uideo, hic, quidem, sumo, dies, ad, labefacto, ille, dignitas, ex, qui, ille, nihil, detraho, possum, qui, non, aut, fortis, fero, aut, facilis, restituo, amicus, homo, si, honestas, spolio, audio, neque, sine, magnus, dolor, fero, et, is, amitto, qui, possum, non, spero, recuperaris",97,"NaN, 0.5, 0.5, 0.0, NaN, NaN, NaN, NaN, NaN, NaN, NaN, NaN, NaN, 0.0, NaN, 0.0, 1.0, NaN, NaN, 1.0, 1.0, 0.0, 1.0, NaN, NaN, NaN, NaN, NaN, 0.5, NaN, NaN, NaN, 0.0, 1.0, -0.5, NaN, NaN, NaN, 1.0, NaN, NaN, NaN, NaN, NaN, NaN, NaN, NaN, NaN, NaN, NaN, NaN, NaN, NaN, NaN, NaN, NaN, NaN, NaN, NaN, 0.0, NaN, NaN, NaN, 1.0, NaN, NaN, NaN, NaN, NaN, NaN, NaN, NaN, NaN, 0.5, NaN, NaN, 0.5, NaN, 1.0, 0.0, NaN, 1.0, NaN, NaN, NaN, NaN, 0.0, -1.0, NaN, NaN, NaN, NaN, NaN, NaN, NaN, NaN, NaN",0.103,-0.015,"hic, tu, hic",0.031
cicero.pro_c_rabirio_post,17.45,"satis, multus, homo, non, iniquus, hic, sum, debeo, nimis, etiam, multus, tu, qui, aequus, sum, confido, sed, ut, omnis, uel, suspicio, uel, maleuolentia, uel, crudelitas, satis, fio, occulto, pecunia, postumus, lateo, regia, diuitiae, ecquis, sum, ex, tantus, populus, qui, bonus, caius, rabiri, postumus, nummus, sestertius, sui, addico, uolo, sed, miser, ego, quantus, hic, dico, cum, dolor, hem, postumus, tu, sum, caius, curtus, filius, caius, rabiri, iudicium, et, uoluntas, filius, natura, soror, tu, -ne, ille, in, omnis, tuus, liberalis, qui, multus, bonitas, locupleto, qui, nihil, profundo, nihil, ullus, in, libido, confero, tuus, postumus, nummus, sestertius, ab, ego, addico, o, meus, miser, acerbus, praeconium",102,"0.5, 0.0, 0.0, NaN, -1.0, NaN, NaN, NaN, NaN, NaN, 0.0, NaN, NaN, 0.5, NaN, NaN, NaN, NaN, NaN, NaN, -0.5, NaN, -1.0, NaN, -1.0, 0.5, NaN, NaN, 0.0, NaN, NaN, NaN, 0.5, NaN, NaN, NaN, NaN, 0.0, NaN, 1.0, NaN, NaN, NaN, 0.0, NaN, NaN, NaN, NaN, NaN, -1.0, NaN, NaN, NaN, NaN, NaN, -1.0, NaN, NaN, NaN, NaN, NaN, NaN, 0.0, NaN, NaN, 0.5, NaN, 0.0, 0.0, 0.0, NaN, NaN, NaN, NaN, NaN, NaN, 0.0, 1.0, NaN, 0.0, 1.0, NaN, NaN, NaN, NaN, NaN, NaN, NaN, -0.5, NaN, 0.0, NaN, 0.0, NaN, NaN, NaN, NaN, NaN, 0.0, -1.0, -1.0, 0.0",-0.025,-0.078,"iniquus, hic, tu, crudelitas, pecunia, nummus, addico, miser, hic, tu, tu, locupleto, libido, nummus, addico, miser, acerbus",0.167
cicero.pro_c_rabirio_post,17.46,"at, hic, etiam, opto, miser, ut, uel, condemno, ab, tu, si, ita, bonus, ueneant, ut, solidus, suus, quisque, soluo, nihil, iam, alius, nisi, fides, curo, neque, tu, hic, si, iam, obliuiscor, uester, mansuetudo, uolo, quisquam, praeterea, possum, eripio, qui, iudex, ne, facio, oro, obtestor, tu, atque, is, magis, si, aduenticius, pecunia, peto, ab, is, qui, suus, non, reddo, nam, in, is, qui, misericordia, opitularis, debeo, inuidia, quaero, sum",68,"NaN, NaN, NaN, NaN, -1.0, NaN, NaN, NaN, NaN, NaN, NaN, NaN, 1.0, NaN, NaN, 0.0, NaN, NaN, NaN, NaN, NaN, NaN, NaN, 1.0, NaN, NaN, NaN, NaN, NaN, NaN, NaN, NaN, 1.0, NaN, NaN, NaN, NaN, NaN, NaN, 0.5, NaN, NaN, NaN, NaN, NaN, NaN, NaN, NaN, NaN, NaN, 0.0, NaN, NaN, NaN, NaN, NaN, NaN, NaN, NaN, NaN, NaN, NaN, 1.0, NaN, NaN, -1.0, NaN, NaN",0.037,-0.029,"hic, miser, tu, tu, hic, tu, pecunia, inuidia",0.118
cicero.pro_c_rabirio_post,17.47,"sed, iam, quoniam, ut, spero, fides, quam, tu, do, praesto, postumus, reddo, etiam, lacrima, qui, debeo, qui, quidem, ego, tuus, in, meus, casus, multus, uideo, uerso, ante, oculus, luctuosus, nox, meus, omnis, cum, tu, totus, tu, cum, tuus, copia, ad, ego, defero, tu, comes, tu, praesidium, tu, etiam, tantus, pondus, aurum, quantus, tempus, ille, postulo, discedo, ille, sustento, tu, numquam, meus, ego, absum, liber, numquam, coniunx, meus, desum, possum, excitaris, multus, in, patria, reduco, testis, liberalitas, tuus, qui, saepe, audio, pater, tuus, curtio, magnus, adiumentum, in, iudicium, capio, sum",89,"NaN, NaN, NaN, NaN, NaN, 1.0, NaN, NaN, NaN, NaN, NaN, NaN, NaN, NaN, NaN, NaN, NaN, NaN, NaN, 0.0, NaN, 0.0, 0.0, 0.0, NaN, NaN, NaN, 0.0, -1.0, 0.0, 0.0, NaN, NaN, NaN, NaN, NaN, NaN, 0.0, 0.5, NaN, NaN, NaN, NaN, NaN, NaN, NaN, NaN, NaN, NaN, NaN, 0.5, NaN, 0.0, NaN, NaN, NaN, NaN, NaN, NaN, NaN, 0.0, NaN, NaN, 0.5, NaN, -0.5, 0.0, NaN, NaN, NaN, 0.0, NaN, NaN, NaN, NaN, 1.0, 0.0, NaN, NaN, NaN, 0.0, 0.0, NaN, 0.0, NaN, NaN, 0.5, NaN, NaN",0.028,-0.017,"tu, luctuosus, tu, tu, tu, tu, tu, tu",0.09
cicero.pro_c_rabirio_post,17.48,"sed, iam, omnis, timeo, bonitas, ipse, inuidia, reformido, nam, indico, tot, homo, fletus, quam, sum, carus, tuus, et, ego, dolor, debilito, intercludo, uoco, tu, obsecro, iudex, ut, hic, bonus, uir, quo, nemo, bonus, umquam, sum, nomen, equio, romanus, et, usura, hic, lucus, et, uester, conspectus, ne, eripio, hic, tu, alius, nihil, oro, nisi, ut, rectus, oculus, hic, urbs, sui, intueor, atque, ut, in, hic, forum, uestigium, facio, licet, qui, ipse, fortuna, eripio, nisi, unus, amicus, ops, subuenio",77,"NaN, NaN, NaN, NaN, 1.0, NaN, -1.0, NaN, NaN, NaN, NaN, 0.0, NaN, NaN, NaN, 1.0, 0.0, NaN, NaN, -1.0, NaN, NaN, NaN, NaN, NaN, 0.5, NaN, NaN, 1.0, 0.5, NaN, -0.5, 1.0, NaN, NaN, 0.0, NaN, NaN, NaN, -0.5, NaN, NaN, NaN, NaN, 0.0, NaN, NaN, NaN, NaN, NaN, NaN, NaN, NaN, NaN, 1.0, 0.0, NaN, 0.5, NaN, NaN, NaN, NaN, NaN, NaN, NaN, NaN, NaN, NaN, NaN, NaN, 0.0, NaN, NaN, NaN, 1.0, 0.0, NaN",0.058,-0.039,"inuidia, tu, hic, hic, hic, tu, hic, hic",0.104
